{
  "depths": [
    0,
    1,
    2,
    3,
    4,
    5,
    6
  ],
  "mse": [
    3.529681634972803e-05,
    7.778335566399619e-05,
    5.878469892195426e-05,
    0.00023116974625736475,
    0.00010537890193518251,
    0.00010086532711284235,
    8.440633973805234e-05
  ],
  "r_squared": [
    0.9999531507492065,
    0.9989819526672363,
    0.9994137287139893,
    0.9983062148094177,
    0.9992664456367493,
    0.9995271563529968,
    0.9996772408485413
  ],
  "entropy": [
    2.4915696511193244,
    1.983660965411219,
    1.892249520520739,
    1.8748482149127401,
    1.8707289351279943,
    1.8081616402212919,
    2.0072281631973503
  ],
  "cka_to_ground": [
    1.0,
    0.9773542284965515,
    0.9596900939941406,
    0.966387927532196,
    0.9656856656074524,
    0.9552832245826721,
    0.9396901726722717
  ],
  "cka_to_parent": [
    1.0,
    0.9773542284965515,
    0.9807008504867554,
    0.9934911131858826,
    0.9906665682792664,
    0.9899295568466187,
    0.9943457841873169
  ],
  "training_final_losses": [
    2.2645385229225212e-05,
    6.868036498417496e-05,
    7.007995864114492e-05,
    7.436962769133971e-05,
    9.304893937951419e-05,
    0.00012019789155601757,
    0.00011626273335423321
  ]
}