{
  "Swiss Roll (1D)": {
    "depths": [
      0,
      1,
      2,
      3,
      4,
      5,
      6,
      7,
      8,
      9
    ],
    "mse_to_original": [
      0.06927499920129776,
      0.07329635322093964,
      0.0739598274230957,
      0.07391510158777237,
      0.0740121603012085,
      0.07420846819877625,
      0.07468822598457336,
      0.07488323003053665,
      0.07494256645441055,
      0.07816005498170853
    ],
    "variance_ratio": [
      0.9159427285194397,
      0.903117299079895,
      0.9029859304428101,
      0.9043853282928467,
      0.9036816358566284,
      0.9041376709938049,
      0.906135082244873,
      0.906771183013916,
      0.9053457975387573,
      0.9099923372268677
    ],
    "correlation_shift": [
      0.02027303784402683,
      0.011908726620456694,
      0.010098601077694364,
      0.011318021341086837,
      0.00959563945201318,
      0.009684392554491578,
      0.006059002198463129,
      0.005529858170534821,
      0.004745768771050499,
      0.0002974923061659085
    ],
    "mean_shift": [
      0.034662436693906784,
      0.034619517624378204,
      0.03951575607061386,
      0.0394282191991806,
      0.038529787212610245,
      0.03797078877687454,
      0.032087791711091995,
      0.03250706195831299,
      0.0333976149559021,
      0.0445365384221077
    ]
  },
  "Smiley Face (1D)": {
    "depths": [
      0,
      1,
      2,
      3,
      4,
      5,
      6,
      7,
      8,
      9
    ],
    "mse_to_original": [
      0.04713444039225578,
      0.07981129735708237,
      0.08805125206708908,
      0.08758141845464706,
      0.08765871077775955,
      0.08767224848270416,
      0.08962007611989975,
      0.09952870011329651,
      0.10140161961317062,
      0.1009339690208435
    ],
    "variance_ratio": [
      0.9316819906234741,
      0.9294774532318115,
      0.9237250685691833,
      0.9149321913719177,
      0.9159603714942932,
      0.9145038723945618,
      0.9077919125556946,
      0.9042283892631531,
      0.9059135913848877,
      0.9057654142379761
    ],
    "correlation_shift": [
      0.00818414542185782,
      0.044985486805978345,
      0.05661754792780787,
      0.04932558791990241,
      0.04853761206794733,
      0.04830851348097384,
      0.05023269820863375,
      0.04319513143820865,
      0.047401805729373477,
      0.049614341709407324
    ],
    "mean_shift": [
      0.019618229940533638,
      0.015655765309929848,
      0.015362104400992393,
      0.020256565883755684,
      0.015321104787290096,
      0.01738283596932888,
      0.026095014065504074,
      0.016796158626675606,
      0.018242251127958298,
      0.018194783478975296
    ]
  },
  "Smiley Face (2D)": {
    "depths": [
      0,
      1,
      2,
      3,
      4,
      5,
      6,
      7,
      8,
      9
    ],
    "mse_to_original": [
      1.3404644050751813e-05,
      5.1866922149201855e-05,
      6.598138861590996e-05,
      8.32951845950447e-05,
      8.66219779709354e-05,
      0.00010153691255254671,
      0.00013787028728984296,
      0.0001974045007955283,
      0.00023321072512771934,
      0.000264385889749974
    ],
    "variance_ratio": [
      0.9980415105819702,
      0.9971140623092651,
      0.9988402128219604,
      0.9989996552467346,
      0.9994406700134277,
      1.000626802444458,
      0.9990622997283936,
      0.9969664812088013,
      0.998482346534729,
      0.9987415075302124
    ],
    "correlation_shift": [
      0.0009208951230252629,
      5.2278441519238925e-05,
      0.001080094017941081,
      0.0008281072391988142,
      0.0012872923380569182,
      0.0012152308452195457,
      0.00016538238300428838,
      0.0009117721414184255,
      0.0026924077835670233,
      0.0025068051681861564
    ],
    "mean_shift": [
      0.003283713711425662,
      0.00647817924618721,
      0.006630691699683666,
      0.007189607713371515,
      0.004365210421383381,
      0.005005166865885258,
      0.00654184864833951,
      0.009687288664281368,
      0.010521522723138332,
      0.010471606627106667
    ]
  }
}