{
  "depths": [
    0,
    1,
    2,
    3,
    4,
    5,
    6,
    7,
    8,
    9,
    10,
    11,
    12,
    13,
    14
  ],
  "kl_to_true": [
    0.02991417202166602,
    0.07934835032665384,
    0.08855221513139208,
    0.15386128712416716,
    0.1671433642579291,
    0.17112561835301404,
    0.24199391705897175,
    0.2504870309914834,
    0.25626792476397775,
    0.2610596292892355,
    0.29398414252026966,
    0.33551223261888313,
    0.33458597286647285,
    0.33805523314580305,
    0.4340364985145609
  ],
  "tv_to_true": [
    0.03447406858766455,
    0.06079750063492004,
    0.06806524972188605,
    0.06815855060806836,
    0.07392415941735986,
    0.0721007332224169,
    0.0680231605316931,
    0.07594467582317943,
    0.08870772538709991,
    0.09522770802924255,
    0.10876418765290999,
    0.11466501576527835,
    0.10632331269527767,
    0.10928576677798557,
    0.12113921520972619
  ],
  "entropy": [
    1.269941833780373,
    1.2649290201236396,
    1.299791222672539,
    1.301272779594997,
    1.3008919812281996,
    1.2870348757224903,
    1.2664008521152947,
    1.2536325574201388,
    1.2631890214294808,
    1.2511685096513303,
    1.2158936629934782,
    1.2118508522591132,
    1.2039714529857073,
    1.1665222862937372,
    1.1590875566097065
  ],
  "entropy_ratio": [
    0.6107129286041268,
    0.6083022748029703,
    0.6250674503802248,
    0.6257799286551665,
    0.6255968033500474,
    0.6189329442186601,
    0.6090100763747645,
    0.6028698245623277,
    0.6074655123072316,
    0.6016848680634699,
    0.5847212526163359,
    0.5827770716170955,
    0.5789878815314533,
    0.5609786391741435,
    0.5574032899589765
  ],
  "stationary_kl": [
    0.0008257135285332177,
    0.006412324910892893,
    0.010215934446573954,
    0.005869894155559802,
    0.0030259152832752432,
    0.0032686134970066096,
    0.003204349248828408,
    0.0037732631893648595,
    0.0061746096464765365,
    0.008791612179939873,
    0.008204273186131343,
    0.011636040622824279,
    0.011748651090183021,
    0.019645791436184525,
    0.026938014890361302
  ],
  "max_transition_prob": [
    0.6919431064666122,
    0.7301587045435469,
    0.6722221979012357,
    0.6744185790968104,
    0.653846133505918,
    0.6442307492603558,
    0.6196581027467316,
    0.6113049519257225,
    0.6023842890469324,
    0.5746962090081703,
    0.6111110895061739,
    0.6276595530783169,
    0.6547618795351486,
    0.7249999600000027,
    0.6814158898112644
  ]
}