{
  "5th %ile Female (1.52m, BMI 19)": {
    "bb_dims": [
      0.42475527103912764,
      0.20800000000000002,
      1.4287999999999998
    ],
    "bb_vol": 0.12623318890222676,
    "container_count": 240,
    "ratio_vs_baseline": 2.2222222222222223
  },
  "Avg Female (1.62m, BMI 23)": {
    "bb_dims": [
      0.46619480967709137,
      0.2288,
      1.5228000000000002
    ],
    "bb_vol": 0.16243002917313168,
    "container_count": 150,
    "ratio_vs_baseline": 1.3888888888888888
  },
  "Avg Male (1.75m, BMI 25)": {
    "bb_dims": [
      0.5179942329745459,
      0.26,
      1.6449999999999998
    ],
    "bb_vol": 0.2215461334432133,
    "container_count": 108,
    "ratio_vs_baseline": 1.0
  },
  "Tall Male (1.90m, BMI 25)": {
    "bb_dims": [
      0.5438939446232732,
      0.2652,
      1.7859999999999996
    ],
    "bb_vol": 0.2576138439677684,
    "container_count": 108,
    "ratio_vs_baseline": 1.0
  },
  "99th %ile Male (1.98m, BMI 25)": {
    "bb_dims": [
      0.5697936562720006,
      0.273,
      1.8611999999999997
    ],
    "bb_vol": 0.2895164871835912,
    "container_count": 96,
    "ratio_vs_baseline": 0.8888888888888888
  },
  "BMI 30 (Obese Class I)": {
    "bb_dims": [
      0.6474927912181825,
      0.338,
      1.6449999999999998
    ],
    "bb_vol": 0.36001246684522165,
    "container_count": 63,
    "ratio_vs_baseline": 0.5833333333333334
  },
  "BMI 35 (Obese Class II)": {
    "bb_dims": [
      0.7251919261643642,
      0.39,
      1.6449999999999998
    ],
    "bb_vol": 0.46524688023074784,
    "container_count": 54,
    "ratio_vs_baseline": 0.5
  },
  "BMI 40 (Obese Class III)": {
    "bb_dims": [
      0.8028910611105462,
      0.442,
      1.6449999999999998
    ],
    "bb_vol": 0.583774061622867,
    "container_count": 45,
    "ratio_vs_baseline": 0.4166666666666667
  },
  "NBA Player (2.01m, BMI 24)": {
    "bb_dims": [
      0.5594337716125096,
      0.26,
      1.8893999999999993
    ],
    "bb_vol": 0.2748184837020156,
    "container_count": 108,
    "ratio_vs_baseline": 1.0
  },
  "Gymnast (1.55m, BMI 21)": {
    "bb_dims": [
      0.44029509802836403,
      0.2132,
      1.4569999999999999
    ],
    "bb_vol": 0.136769923008786,
    "container_count": 220,
    "ratio_vs_baseline": 2.037037037037037
  },
  "Sumo Wrestler (1.80m, BMI 50)": {
    "bb_dims": [
      0.8805901960567281,
      0.48100000000000004,
      1.6920000000000002
    ],
    "bb_vol": 0.7166700922411604,
    "container_count": 28,
    "ratio_vs_baseline": 0.25925925925925924
  },
  "Toddler (0.90m)": {
    "bb_dims": [
      0.2848968281360003,
      0.14300000000000002,
      0.8460000000000001
    ],
    "bb_vol": 0.03446624847423705,
    "container_count": 768,
    "ratio_vs_baseline": 7.111111111111111
  }
}