{
  "5th %ile Female (1.52m, BMI 19)": {
    "bb_dims": [
      0.4264,
      0.20800000000000002,
      1.4287999999999998
    ],
    "bb_vol": 0.12672198656,
    "container_count": 220,
    "ratio_vs_baseline": 2.037037037037037
  },
  "Avg Female (1.62m, BMI 23)": {
    "bb_dims": [
      0.468,
      0.2288,
      1.5228000000000002
    ],
    "bb_vol": 0.16305898752000003,
    "container_count": 150,
    "ratio_vs_baseline": 1.3888888888888888
  },
  "Avg Male (1.75m, BMI 25)": {
    "bb_dims": [
      0.52,
      0.26,
      1.6449999999999998
    ],
    "bb_vol": 0.222404,
    "container_count": 108,
    "ratio_vs_baseline": 1.0
  },
  "Tall Male (1.90m, BMI 25)": {
    "bb_dims": [
      0.546,
      0.2652,
      1.7859999999999996
    ],
    "bb_vol": 0.2586113712,
    "container_count": 108,
    "ratio_vs_baseline": 1.0
  },
  "99th %ile Male (1.98m, BMI 25)": {
    "bb_dims": [
      0.5720000000000001,
      0.273,
      1.8611999999999997
    ],
    "bb_vol": 0.2906375472,
    "container_count": 96,
    "ratio_vs_baseline": 0.8888888888888888
  },
  "BMI 30 (Obese Class I)": {
    "bb_dims": [
      0.65,
      0.338,
      1.6449999999999998
    ],
    "bb_vol": 0.3614065,
    "container_count": 72,
    "ratio_vs_baseline": 0.6666666666666666
  },
  "BMI 35 (Obese Class II)": {
    "bb_dims": [
      0.728,
      0.39,
      1.6449999999999998
    ],
    "bb_vol": 0.4670484,
    "container_count": 54,
    "ratio_vs_baseline": 0.5
  },
  "BMI 40 (Obese Class III)": {
    "bb_dims": [
      0.806,
      0.442,
      1.6449999999999998
    ],
    "bb_vol": 0.58603454,
    "container_count": 45,
    "ratio_vs_baseline": 0.4166666666666667
  },
  "NBA Player (2.01m, BMI 24)": {
    "bb_dims": [
      0.5616000000000001,
      0.26,
      1.8893999999999993
    ],
    "bb_vol": 0.27588263039999994,
    "container_count": 108,
    "ratio_vs_baseline": 1.0
  },
  "Gymnast (1.55m, BMI 21)": {
    "bb_dims": [
      0.442,
      0.2132,
      1.4569999999999999
    ],
    "bb_vol": 0.1372995208,
    "container_count": 220,
    "ratio_vs_baseline": 2.037037037037037
  },
  "Sumo Wrestler (1.80m, BMI 50)": {
    "bb_dims": [
      0.884,
      0.48100000000000004,
      1.6920000000000002
    ],
    "bb_vol": 0.7194451680000001,
    "container_count": 36,
    "ratio_vs_baseline": 0.3333333333333333
  },
  "Toddler (0.90m)": {
    "bb_dims": [
      0.28600000000000003,
      0.14300000000000002,
      0.8460000000000001
    ],
    "bb_vol": 0.034599708000000014,
    "container_count": 768,
    "ratio_vs_baseline": 7.111111111111111
  }
}