{
  "Standing (arms at sides)": {
    "bb_dims": [
      0.52,
      0.26,
      1.6449999999999998
    ],
    "bb_volume": 0.222404,
    "hull_volume": 0.10651630192171962,
    "packing_efficiency": 0.47893159260498747
  },
  "T-Pose": {
    "bb_dims": [
      1.5,
      0.26,
      1.6449999999999998
    ],
    "bb_volume": 0.64155,
    "hull_volume": 0.2131709493102146,
    "packing_efficiency": 0.33227488007203587
  },
  "Fetal Position": {
    "bb_dims": [
      0.9575729866488777,
      0.7795481283167074,
      0.915086641170534
    ],
    "bb_volume": 0.683088595364941,
    "hull_volume": 0.24670717298669098,
    "packing_efficiency": 0.36116423939838627
  },
  "Star / Spread Eagle": {
    "bb_dims": [
      1.2066003316730751,
      0.26,
      1.6267852207952571
    ],
    "bb_volume": 0.5103486926128277,
    "hull_volume": 0.27041156068106026,
    "packing_efficiency": 0.5298564777282696
  },
  "Pike (folded)": {
    "bb_dims": [
      0.52,
      0.7100245778278654,
      1.7050867403737622
    ],
    "bb_volume": 0.6295398163567614,
    "hull_volume": 0.20838962333778224,
    "packing_efficiency": 0.331018972785174
  },
  "Superman (arms up)": {
    "bb_dims": [
      0.5200000000000001,
      0.26,
      1.855
    ],
    "bb_volume": 0.2507960000000001,
    "hull_volume": 0.11934357613216567,
    "packing_efficiency": 0.47585916893477426
  },
  "Da Vinci Vitruvian": {
    "bb_dims": [
      1.5,
      0.26,
      1.5815764358763589
    ],
    "bb_volume": 0.61681480999178,
    "hull_volume": 0.27162600234441187,
    "packing_efficiency": 0.4403688075324127
  },
  "Usain Bolt Lightning": {
    "bb_dims": [
      0.8787042820038373,
      0.9812838107584761,
      1.768837743919871
    ],
    "bb_volume": 1.5251950019469134,
    "hull_volume": 0.3282187048856462,
    "packing_efficiency": 0.2151978628743699
  },
  "John Travolta Disco": {
    "bb_dims": [
      0.9761808845387261,
      0.3613448166765857,
      1.7833038763810567
    ],
    "bb_volume": 0.629038869350618,
    "hull_volume": 0.22225825248125142,
    "packing_efficiency": 0.35332991856401097
  },
  "Titanic Jack & Rose": {
    "bb_dims": [
      1.4959663799772502,
      0.4226132300301454,
      1.6112648476686022
    ],
    "bb_volume": 1.0186661019138488,
    "hull_volume": 0.2401089796278534,
    "packing_efficiency": 0.2357092075379181
  },
  "Heisman Trophy": {
    "bb_dims": [
      1.1793933926972147,
      0.8566308835624031,
      1.589592190392735
    ],
    "bb_volume": 1.6059726264403027,
    "hull_volume": 0.3774036751062051,
    "packing_efficiency": 0.23500006718217495
  },
  "Thinking Man (Rodin)": {
    "bb_dims": [
      0.7644776364794466,
      0.9851982289727228,
      1.0606261497898601
    ],
    "bb_volume": 0.7988233265982462,
    "hull_volume": 0.24521095152201278,
    "packing_efficiency": 0.30696518661545946
  },
  "Naruto Run": {
    "bb_dims": [
      0.52,
      1.1629990812759143,
      1.318377629751812
    ],
    "bb_volume": 0.797301425531559,
    "hull_volume": 0.2500052364913235,
    "packing_efficiency": 0.31356426626811257
  },
  "Dab": {
    "bb_dims": [
      1.3391079670285952,
      0.30659621364077067,
      1.6861032911685991
    ],
    "bb_volume": 0.6922557267206007,
    "hull_volume": 0.2095768371823509,
    "packing_efficiency": 0.30274482260359487
  },
  "Planking": {
    "bb_dims": [
      0.52,
      1.645,
      0.26
    ],
    "bb_volume": 0.22240400000000002,
    "hull_volume": 0.10651630192171962,
    "packing_efficiency": 0.4789315926049874
  },
  "Downward Dog": {
    "bb_dims": [
      0.5200000000000001,
      1.019056682087959,
      1.263082943737327
    ],
    "bb_volume": 0.6693196192003635,
    "hull_volume": 0.275143232468589,
    "packing_efficiency": 0.41107898913422375
  },
  "A-Pose (Game Dev)": {
    "bb_dims": [
      1.2066003316730751,
      0.26,
      1.6449999999999998
    ],
    "bb_volume": 0.5160629618565742,
    "hull_volume": 0.17398094976713904,
    "packing_efficiency": 0.33713124681769424
  },
  "Crucifixion": {
    "bb_dims": [
      1.4755178103261584,
      0.2651169961614258,
      1.6437982969574394
    ],
    "bb_volume": 0.6430289896606692,
    "hull_volume": 0.2144535835450249,
    "packing_efficiency": 0.33350531156953517
  },
  "Squat (Slav)": {
    "bb_dims": [
      0.8013663871768819,
      0.7053261931185812,
      1.131236512424989
    ],
    "bb_volume": 0.639402821939916,
    "hull_volume": 0.2227901662222804,
    "packing_efficiency": 0.34843475595923434
  },
  "Coffin Dance": {
    "bb_dims": [
      0.52,
      1.645,
      0.26
    ],
    "bb_volume": 0.22240400000000002,
    "hull_volume": 0.10651630192171964,
    "packing_efficiency": 0.47893159260498747
  }
}