{
  "Standing (arms at sides)": {
    "bb_dims": [
      0.52,
      0.29000000000000004,
      1.5899999999999999
    ],
    "bb_volume": 0.239772,
    "hull_volume": 0.11742065583856799,
    "packing_efficiency": 0.48971796472719076
  },
  "T-Pose": {
    "bb_dims": [
      1.5,
      0.29000000000000004,
      1.5899999999999999
    ],
    "bb_volume": 0.69165,
    "hull_volume": 0.23675168661773874,
    "packing_efficiency": 0.3422998432989789
  },
  "Fetal Position": {
    "bb_dims": [
      1.003450509722514,
      0.7795481283167074,
      0.8114990167355537
    ],
    "bb_volume": 0.6347853408405194,
    "hull_volume": 0.17701214903339443,
    "packing_efficiency": 0.27885355512307924
  },
  "Star / Spread Eagle": {
    "bb_dims": [
      1.2066003316730751,
      0.29000000000000004,
      1.5793567098399026
    ],
    "bb_volume": 0.5526391756776478,
    "hull_volume": 0.30834355523378776,
    "packing_efficiency": 0.5579473349056299
  },
  "Pike (folded)": {
    "bb_dims": [
      0.52,
      0.7100245778278654,
      1.6500867403737622
    ],
    "bb_volume": 0.6092331134308844,
    "hull_volume": 0.22159291284649352,
    "packing_efficiency": 0.3637243412436946
  },
  "Superman (arms up)": {
    "bb_dims": [
      0.5200000000000001,
      0.29000000000000004,
      1.8
    ],
    "bb_volume": 0.27144000000000007,
    "hull_volume": 0.1318764990785937,
    "packing_efficiency": 0.4858403296440969
  },
  "Da Vinci Vitruvian": {
    "bb_dims": [
      1.5,
      0.29000000000000004,
      1.532414427062411
    ],
    "bb_volume": 0.6666002757721489,
    "hull_volume": 0.30739397370920857,
    "packing_efficiency": 0.4611368834990988
  },
  "Usain Bolt Lightning": {
    "bb_dims": [
      0.8787042820038373,
      0.9804428209597278,
      1.7213922963401271
    ],
    "bb_volume": 1.4830126948393954,
    "hull_volume": 0.3316526945206967,
    "packing_efficiency": 0.22363442718648704
  },
  "John Travolta Disco": {
    "bb_dims": [
      0.9761808845387261,
      0.3049729653142059,
      1.7285131679860106
    ],
    "bb_volume": 0.5145935447970946,
    "hull_volume": 0.22854048200576935,
    "packing_efficiency": 0.44411843933231493
  },
  "Titanic Jack & Rose": {
    "bb_dims": [
      1.4959663799772502,
      0.4294104243484267,
      1.5562648476686023
    ],
    "bb_volume": 0.9997189500932833,
    "hull_volume": 0.26472885978914595,
    "packing_efficiency": 0.26480328272705467
  },
  "Heisman Trophy": {
    "bb_dims": [
      1.1793933926972147,
      0.9334817627987152,
      1.5604476542813077
    ],
    "bb_volume": 1.7179627097668289,
    "hull_volume": 0.3728155676877633,
    "packing_efficiency": 0.2170102794247285
  },
  "Thinking Man (Rodin)": {
    "bb_dims": [
      0.7644776364794466,
      1.031075752046359,
      0.9678054581930772
    ],
    "bb_volume": 0.7628575100935897,
    "hull_volume": 0.1848242358453821,
    "packing_efficiency": 0.24227884421391788
  },
  "Naruto Run": {
    "bb_dims": [
      0.52,
      1.148674682971194,
      1.2841274026147649
    ],
    "bb_volume": 0.7670232112884318,
    "hull_volume": 0.24720043131276745,
    "packing_efficiency": 0.3222854636921934
  },
  "Dab": {
    "bb_dims": [
      1.3391079670285952,
      0.2999548263571997,
      1.6311032911685992
    ],
    "bb_volume": 0.6551683543469091,
    "hull_volume": 0.22884528920784689,
    "packing_efficiency": 0.34929234247885266
  },
  "Planking": {
    "bb_dims": [
      0.52,
      1.5900000000000003,
      0.29000000000000004
    ],
    "bb_volume": 0.2397720000000001,
    "hull_volume": 0.11742065583856805,
    "packing_efficiency": 0.4897179647271908
  },
  "Downward Dog": {
    "bb_dims": [
      0.5200000000000001,
      1.0524659194262576,
      1.2158334361701622
    ],
    "bb_volume": 0.6654040927393684,
    "hull_volume": 0.28825559238095405,
    "packing_efficiency": 0.4332038163370009
  },
  "A-Pose (Game Dev)": {
    "bb_dims": [
      1.2066003316730751,
      0.29000000000000004,
      1.5899999999999999
    ],
    "bb_volume": 0.5563634129344549,
    "hull_volume": 0.19327081912930563,
    "packing_efficiency": 0.3473823307501977
  },
  "Crucifixion": {
    "bb_dims": [
      1.4755178103261584,
      0.30781596359496055,
      1.5958672640873657
    ],
    "bb_volume": 0.7248236597426976,
    "hull_volume": 0.23299753901619144,
    "packing_efficiency": 0.3214541025039143
  },
  "Squat (Slav)": {
    "bb_dims": [
      0.8013663871768819,
      0.6001965430974869,
      1.0968441563949343
    ],
    "bb_volume": 0.5275571796239872,
    "hull_volume": 0.16418783091524583,
    "packing_efficiency": 0.3112228157567102
  },
  "Coffin Dance": {
    "bb_dims": [
      0.52,
      1.5900000000000003,
      0.29000000000000004
    ],
    "bb_volume": 0.2397720000000001,
    "hull_volume": 0.11742065583856803,
    "packing_efficiency": 0.48971796472719076
  }
}