{
  "Standing (arms at sides)": {
    "bb_dims": [
      0.5179942329745459,
      0.26,
      1.6449999999999998
    ],
    "bb_volume": 0.2215461334432133,
    "hull_volume": 0.1042644310938363,
    "packing_efficiency": 0.47062175933014583
  },
  "T-Pose": {
    "bb_dims": [
      1.5,
      0.26,
      1.6449999999999998
    ],
    "bb_volume": 0.64155,
    "hull_volume": 0.19778686454443292,
    "packing_efficiency": 0.3082953231150073
  },
  "Fetal Position": {
    "bb_dims": [
      0.9575729866488777,
      0.7726441881838175,
      0.9390758013487931
    ],
    "bb_volume": 0.694787630148117,
    "hull_volume": 0.2671355524676832,
    "packing_efficiency": 0.3844851878130508
  },
  "Star / Spread Eagle": {
    "bb_dims": [
      1.2028828513284733,
      0.26,
      1.6249264806229562
    ],
    "bb_volume": 0.5081950115348295,
    "hull_volume": 0.25090463574833105,
    "packing_efficiency": 0.493717234631169
  },
  "Pike (folded)": {
    "bb_dims": [
      0.5179942329745459,
      0.7100245778278654,
      1.7050867403737622
    ],
    "bb_volume": 0.6271115275012636,
    "hull_volume": 0.2063511369963487,
    "packing_efficiency": 0.3290501417165113
  },
  "Superman (arms up)": {
    "bb_dims": [
      0.5179942329745459,
      0.26,
      1.855
    ],
    "bb_volume": 0.24982861856362354,
    "hull_volume": 0.11458278238197772,
    "packing_efficiency": 0.4586455428555999
  },
  "Da Vinci Vitruvian": {
    "bb_dims": [
      1.5,
      0.26,
      1.5815764358763589
    ],
    "bb_volume": 0.61681480999178,
    "hull_volume": 0.2529212110143821,
    "packing_efficiency": 0.41004399848595185
  },
  "Usain Bolt Lightning": {
    "bb_dims": [
      0.8710652476537537,
      0.9812838107584761,
      1.7676050135132706
    ],
    "bb_volume": 1.5108819953976365,
    "hull_volume": 0.3300727296273459,
    "packing_efficiency": 0.21846360644497376
  },
  "John Travolta Disco": {
    "bb_dims": [
      0.9683012596405066,
      0.39198659440134476,
      1.7826066349955383
    ],
    "bb_volume": 0.6766081586358125,
    "hull_volume": 0.22359086945176002,
    "packing_efficiency": 0.33045842944395953
  },
  "Titanic Jack & Rose": {
    "bb_dims": [
      1.4959663799772502,
      0.4226132300301454,
      1.6112648476686022
    ],
    "bb_volume": 1.0186661019138488,
    "hull_volume": 0.22223746999873342,
    "packing_efficiency": 0.21816517657866327
  },
  "Heisman Trophy": {
    "bb_dims": [
      1.1726746787757691,
      0.8566308835624031,
      1.589592190392735
    ],
    "bb_volume": 1.5968237956010451,
    "hull_volume": 0.3898428266602991,
    "packing_efficiency": 0.24413640862206848
  },
  "Thinking Man (Rodin)": {
    "bb_dims": [
      0.7555310793512283,
      0.9851982289727228,
      1.0992431631877189
    ],
    "bb_volume": 0.8182193195640285,
    "hull_volume": 0.26494092753360227,
    "packing_efficiency": 0.32380184774269405
  },
  "Naruto Run": {
    "bb_dims": [
      0.5179942329745459,
      1.1629990812759143,
      1.318377629751812
    ],
    "bb_volume": 0.7942260391687153,
    "hull_volume": 0.2544471060366114,
    "packing_efficiency": 0.32037114560349983
  },
  "Dab": {
    "bb_dims": [
      1.3374182998041106,
      0.3135421407474479,
      1.684089624183531
    ],
    "bb_volume": 0.7062010853394038,
    "hull_volume": 0.1992264472003292,
    "packing_efficiency": 0.28211008356717543
  },
  "Planking": {
    "bb_dims": [
      0.5179942329745459,
      1.645,
      0.26
    ],
    "bb_volume": 0.2215461334432133,
    "hull_volume": 0.10426443109383632,
    "packing_efficiency": 0.4706217593301459
  },
  "Downward Dog": {
    "bb_dims": [
      0.5179942329745459,
      1.019056682087959,
      1.263082943737327
    ],
    "bb_volume": 0.6667378899278988,
    "hull_volume": 0.2758491391345116,
    "packing_efficiency": 0.4137295079545306
  },
  "A-Pose (Game Dev)": {
    "bb_dims": [
      1.2028828513284733,
      0.26,
      1.6449999999999998
    ],
    "bb_volume": 0.5144729955131879,
    "hull_volume": 0.1617618265451581,
    "packing_efficiency": 0.31442238553998414
  },
  "Crucifixion": {
    "bb_dims": [
      1.4755178103261584,
      0.26,
      1.6437982969574394
    ],
    "bb_volume": 0.6306179525735724,
    "hull_volume": 0.2041429265652286,
    "packing_efficiency": 0.3237188629535754
  },
  "Squat (Slav)": {
    "bb_dims": [
      0.7930672337327206,
      0.7745665807691917,
      1.131236512424989
    ],
    "bb_volume": 0.694899783400586,
    "hull_volume": 0.24424118329413133,
    "packing_efficiency": 0.3514768447601237
  },
  "Coffin Dance": {
    "bb_dims": [
      0.5179942329745459,
      1.645,
      0.26
    ],
    "bb_volume": 0.2215461334432133,
    "hull_volume": 0.10426443109383633,
    "packing_efficiency": 0.47062175933014594
  }
}