{
  "Standing (arms at sides)": {
    "bb_dims": [
      0.5677435120963641,
      0.268997116487273,
      1.72
    ],
    "bb_volume": 0.2626807523722401,
    "hull_volume": 0.1258560674906626,
    "packing_efficiency": 0.47912177178598253
  },
  "T-Pose": {
    "bb_dims": [
      1.76,
      0.268997116487273,
      1.72
    ],
    "bb_volume": 0.8143080710302727,
    "hull_volume": 0.2529565177193132,
    "packing_efficiency": 0.3106398262751706
  },
  "Fetal Position": {
    "bb_dims": [
      1.0185619867011937,
      0.8783076902191591,
      1.0345014197018416
    ],
    "bb_volume": 0.9254761694582178,
    "hull_volume": 0.339985067870463,
    "packing_efficiency": 0.36736231476332165
  },
  "Star / Spread Eagle": {
    "bb_dims": [
      1.3979395904869554,
      0.268997116487273,
      1.7746436952757014
    ],
    "bb_volume": 0.6673400655433278,
    "hull_volume": 0.31629457042877607,
    "packing_efficiency": 0.47396310630811406
  },
  "Pike (folded)": {
    "bb_dims": [
      0.5677435120963641,
      0.7297207328881096,
      1.8649426296517666
    ],
    "bb_volume": 0.7726349366908348,
    "hull_volume": 0.25264780961132566,
    "packing_efficiency": 0.32699506275681284
  },
  "Superman (arms up)": {
    "bb_dims": [
      0.5677435120963641,
      0.268997116487273,
      2.04
    ],
    "bb_volume": 0.3115515900228894,
    "hull_volume": 0.1407621750291302,
    "packing_efficiency": 0.4518101641490211
  },
  "Da Vinci Vitruvian": {
    "bb_dims": [
      1.76,
      0.268997116487273,
      1.6543814489995416
    ],
    "bb_volume": 0.7832419572576071,
    "hull_volume": 0.3170989266464836,
    "packing_efficiency": 0.40485436678692915
  },
  "Usain Bolt Lightning": {
    "bb_dims": [
      0.996010589196679,
      1.0320823122861702,
      1.9392059881224102
    ],
    "bb_volume": 1.9934357128518199,
    "hull_volume": 0.4261793499375746,
    "packing_efficiency": 0.21379136893653827
  },
  "John Travolta Disco": {
    "bb_dims": [
      1.1134108319859772,
      0.44906765315493813,
      1.9525456817304245
    ],
    "bb_volume": 0.9762665718604341,
    "hull_volume": 0.30181943002741696,
    "packing_efficiency": 0.3091567802554697
  },
  "Titanic Jack & Rose": {
    "bb_dims": [
      1.7551292135574346,
      0.4310655952649594,
      1.6843910034093352
    ],
    "bb_volume": 1.2743695032727809,
    "hull_volume": 0.28295369297376444,
    "packing_efficiency": 0.2220342626272011
  },
  "Heisman Trophy": {
    "bb_dims": [
      1.3620856161665456,
      0.9010249170821159,
      1.6734321299445458
    ],
    "bb_volume": 2.0537582032257156,
    "hull_volume": 0.5060967645091194,
    "packing_efficiency": 0.2464247075017027
  },
  "Thinking Man (Rodin)": {
    "bb_dims": [
      0.855353621716108,
      1.0473933766093206,
      1.2006971755722415
    ],
    "bb_volume": 1.075694655474289,
    "hull_volume": 0.3331891220138338,
    "packing_efficiency": 0.309743215993693
  },
  "Naruto Run": {
    "bb_dims": [
      0.5677435120963641,
      1.2198673001049556,
      1.3716208113574464
    ],
    "bb_volume": 0.9499458191472954,
    "hull_volume": 0.3160480953192042,
    "packing_efficiency": 0.33270118037142377
  },
  "Dab": {
    "bb_dims": [
      1.5630108177539044,
      0.34574909991989367,
      1.82819643589537
    ],
    "bb_volume": 0.9879748743019243,
    "hull_volume": 0.26783639756396416,
    "packing_efficiency": 0.27109636543460675
  },
  "Planking": {
    "bb_dims": [
      0.5677435120963641,
      1.7200000000000002,
      0.26899711648727276
    ],
    "bb_volume": 0.2626807523722399,
    "hull_volume": 0.1258560674906626,
    "packing_efficiency": 0.47912177178598286
  },
  "Downward Dog": {
    "bb_dims": [
      0.5677435120963641,
      1.1769810749758924,
      1.3139603050354896
    ],
    "bb_volume": 0.8780189819966615,
    "hull_volume": 0.35742330770800756,
    "packing_efficiency": 0.40707924889642827
  },
  "A-Pose (Game Dev)": {
    "bb_dims": [
      1.3979395904869554,
      0.268997116487273,
      1.72
    ],
    "bb_volume": 0.6467917564467511,
    "hull_volume": 0.20398372550043234,
    "packing_efficiency": 0.31537774479540054
  },
  "Crucifixion": {
    "bb_dims": [
      1.7303801428745336,
      0.26,
      1.725010779908639
    ],
    "bb_volume": 0.7760803439475895,
    "hull_volume": 0.25345288616405354,
    "packing_efficiency": 0.3265807311583835
  },
  "Squat (Slav)": {
    "bb_dims": [
      0.9006052234471712,
      0.8091108133595579,
      1.1905087407707937
    ],
    "bb_volume": 0.8675111296021285,
    "hull_volume": 0.3057705156251611,
    "packing_efficiency": 0.3524686948574347
  },
  "Coffin Dance": {
    "bb_dims": [
      0.5677435120963641,
      1.7200000000000002,
      0.2689971164872732
    ],
    "bb_volume": 0.26268075237224037,
    "hull_volume": 0.12585606749066267,
    "packing_efficiency": 0.47912177178598225
  }
}