{
  "Standing (arms at sides)": {
    "bb_dims": [
      0.52,
      0.26,
      1.6449999999999998
    ],
    "bb_volume": 0.222404,
    "hull_volume": 0.10707932525258741,
    "packing_efficiency": 0.48146312679892184
  },
  "T-Pose": {
    "bb_dims": [
      1.5,
      0.26,
      1.6449999999999998
    ],
    "bb_volume": 0.64155,
    "hull_volume": 0.21803971452021412,
    "packing_efficiency": 0.3398639459437521
  },
  "Fetal Position": {
    "bb_dims": [
      0.9575729866488777,
      0.7795481283167074,
      0.8653091338006461
    ],
    "bb_volume": 0.6459309689061279,
    "hull_volume": 0.17783222304916071,
    "packing_efficiency": 0.2753114986115564
  },
  "Star / Spread Eagle": {
    "bb_dims": [
      1.2066003316730751,
      0.26,
      1.6267852207952571
    ],
    "bb_volume": 0.5103486926128277,
    "hull_volume": 0.27998215004035226,
    "packing_efficiency": 0.548609517557359
  },
  "Pike (folded)": {
    "bb_dims": [
      0.52,
      0.7100245778278654,
      1.7050867403737622
    ],
    "bb_volume": 0.6295398163567614,
    "hull_volume": 0.21139664349277432,
    "packing_efficiency": 0.3357955096726963
  },
  "Superman (arms up)": {
    "bb_dims": [
      0.5200000000000001,
      0.26,
      1.855
    ],
    "bb_volume": 0.2507960000000001,
    "hull_volume": 0.12108272334102126,
    "packing_efficiency": 0.4827936782924019
  },
  "Da Vinci Vitruvian": {
    "bb_dims": [
      1.5,
      0.26,
      1.5815764358763589
    ],
    "bb_volume": 0.61681480999178,
    "hull_volume": 0.2803644623816574,
    "packing_efficiency": 0.4545358798784253
  },
  "Usain Bolt Lightning": {
    "bb_dims": [
      0.8787042820038373,
      0.9812838107584761,
      1.768837743919871
    ],
    "bb_volume": 1.5251950019469134,
    "hull_volume": 0.32361101502620915,
    "packing_efficiency": 0.21217681320298012
  },
  "John Travolta Disco": {
    "bb_dims": [
      0.9761808845387261,
      0.3049729653142059,
      1.7833038763810567
    ],
    "bb_volume": 0.5309052196961653,
    "hull_volume": 0.2111489721690222,
    "packing_efficiency": 0.39771500511873253
  },
  "Titanic Jack & Rose": {
    "bb_dims": [
      1.4959663799772502,
      0.4226132300301454,
      1.6112648476686022
    ],
    "bb_volume": 1.0186661019138488,
    "hull_volume": 0.24856334433671756,
    "packing_efficiency": 0.24400865393451485
  },
  "Heisman Trophy": {
    "bb_dims": [
      1.1793933926972147,
      0.856833214753444,
      1.589592190392735
    ],
    "bb_volume": 1.6063519477565449,
    "hull_volume": 0.36683807386008477,
    "packing_efficiency": 0.2283671858912465
  },
  "Thinking Man (Rodin)": {
    "bb_dims": [
      0.7644776364794466,
      0.9851982289727228,
      1.0216155752581697
    ],
    "bb_volume": 0.7694420437342625,
    "hull_volume": 0.1814665481499468,
    "packing_efficiency": 0.23584173704526445
  },
  "Naruto Run": {
    "bb_dims": [
      0.52,
      1.1629990812759143,
      1.318377629751812
    ],
    "bb_volume": 0.797301425531559,
    "hull_volume": 0.2436343853669737,
    "packing_efficiency": 0.30557374860397774
  },
  "Dab": {
    "bb_dims": [
      1.3391079670285952,
      0.29218341489441546,
      1.6861032911685991
    ],
    "bb_volume": 0.6597134381131946,
    "hull_volume": 0.21113806431995977,
    "packing_efficiency": 0.32004511674617786
  },
  "Planking": {
    "bb_dims": [
      0.52,
      1.645,
      0.26
    ],
    "bb_volume": 0.22240400000000002,
    "hull_volume": 0.10707932525258744,
    "packing_efficiency": 0.48146312679892195
  },
  "Downward Dog": {
    "bb_dims": [
      0.5200000000000001,
      1.019056682087959,
      1.263082943737327
    ],
    "bb_volume": 0.6693196192003635,
    "hull_volume": 0.27019508504085443,
    "packing_efficiency": 0.40368618712186655
  },
  "A-Pose (Game Dev)": {
    "bb_dims": [
      1.2066003316730751,
      0.26,
      1.6449999999999998
    ],
    "bb_volume": 0.5160629618565742,
    "hull_volume": 0.17804631182279548,
    "packing_efficiency": 0.3450088942292252
  },
  "Crucifixion": {
    "bb_dims": [
      1.4755178103261584,
      0.2924786076274793,
      1.6437982969574394
    ],
    "bb_volume": 0.7093933104369624,
    "hull_volume": 0.22172593275527097,
    "packing_efficiency": 0.3125571238030075
  },
  "Squat (Slav)": {
    "bb_dims": [
      0.8013663871768819,
      0.6001965430974869,
      1.131236512424989
    ],
    "bb_volume": 0.5440991233833217,
    "hull_volume": 0.16689201658299627,
    "packing_efficiency": 0.30673090510645734
  },
  "Coffin Dance": {
    "bb_dims": [
      0.52,
      1.645,
      0.26
    ],
    "bb_volume": 0.22240400000000002,
    "hull_volume": 0.10707932525258745,
    "packing_efficiency": 0.481463126798922
  }
}